{
  "integrations": [
    {
      "id": "44125269-272f-4e12-ada1-007912616fa0",
      "name": "Inbound from Prometheus",
      "action": "CREATE_EVENT",
      "type": "INBOUND_WEBHOOK",
      "deployed": true,
      "form": "4982117c-c627-4d09-9211-8483aebfd87c",
      "script": "var data = JSON.parse( request.body );\r\n\r\nproperties = {};\r\n\r\nproperties.alert_markup\t= data.alerts.map(function(a) { return \"<h4>\" + a.annotations.description + \"</h4><br/><b>Annotations:</b><br/>\" + objectToString(a.annotations, \"<br/>\") + \"<br/><br/><b>Labels:</b><br/>\" + objectToString(a.labels, \"<br/>\"); }).join(\"<br/><hr>\");\r\nproperties.alertmanager_link = data.externalURL + \"/#alerts?receiver=\" + data.receiver;\r\nproperties.commonAnnotations_markup = objectToString(data.commonAnnotations, \"<br/>\");\r\nproperties.commonLabels_markup = objectToString(data.commonLabels, \"<br/>\");\r\nproperties.groupLabels_markup = objectToString(data.groupLabels, \"<br/>\");\r\nproperties.num_alerts = data.alerts.length;\r\nproperties.receiver = data.receiver;\r\nproperties.service = data.groupLabels.service;\r\nproperties.short_description = data.status.toUpperCase() + \" \" + data.alerts.length + \" for \" + objectToString(data.groupLabels, \", \");\r\nproperties.source_link = data.alerts[0].generatorURL;\r\nproperties.status = data.status.toUpperCase();\r\n\r\ntrigger.properties = properties;\r\ntrigger.recipients = [{ \"targetName\": data.receiver }];\r\n\r\nif( data.priority )\r\n  trigger.priority = data.priority;\r\nelse if( data.commonAnnotations.priority )\r\n  trigger.priority = data.commonAnnotations.priority;\r\n\r\n\r\nform.post( trigger );\r\n\r\nfunction objectToString( obj, separator ) {\r\n\tvar s = '';\r\n\tfor( var item in obj ) {\r\n\t\ts += item + ': ' + obj[item] + separator;\r\n\t}\r\n\r\n\treturn s.slice(0, -separator.length);\r\n}",
      "environment": "HOSTED",
      "authType": "ANY"
    }
  ],
  "endpoints": [],
  "constants": []
}