[
  {
    "baseType": 3,
    "name": "alertmanager_link",
    "defaultValue": "",
    "description": "A link to the alertmanager instance that created the event",
    "helpText": "A link to the alertmanager instance that created the event",
    "isSystem": false,
    "minLength": 0,
    "maxLength": 300,
    "validationRegex": "",
    "isValidate": false
  },
  {
    "baseType": 3,
    "name": "alert_markup",
    "defaultValue": "",
    "description": "A list of all alerts with respective labels and annotations contained within the event",
    "helpText": "A list of all alerts with respective labels and annotations contained within the event",
    "isSystem": false,
    "minLength": 0,
    "maxLength": 20000,
    "validationRegex": "",
    "isValidate": false
  },
  {
    "baseType": 3,
    "name": "commonAnnotations_markup",
    "defaultValue": "",
    "description": "Annotations that exist across all alerts within the event",
    "helpText": "Annotations that exist across all alerts within the event",
    "isSystem": false,
    "minLength": 0,
    "maxLength": 20000,
    "validationRegex": "",
    "isValidate": false
  },
  {
    "baseType": 3,
    "name": "commonLabels_markup",
    "defaultValue": "",
    "description": "Labels that exist across all alerts within the event",
    "helpText": "Labels that exist across all alerts within the event",
    "isSystem": false,
    "minLength": 0,
    "maxLength": 20000,
    "validationRegex": "",
    "isValidate": false
  },
  {
    "baseType": 3,
    "name": "groupLabels_markup",
    "defaultValue": "",
    "description": "Labels that alertmanager grouped the set of alerts within the event by",
    "helpText": "Labels that alertmanager grouped the set of alerts within the event by",
    "isSystem": false,
    "minLength": 0,
    "maxLength": 2000,
    "validationRegex": "",
    "isValidate": false
  },
  {
    "baseType": 1,
    "name": "num_alerts",
    "description": "The number of alerts contained within the event",
    "helpText": "The number of alerts contained within the event",
    "isSystem": false,
    "minValue": "",
    "maxValue": "",
    "units": ""
  },
  {
    "baseType": 3,
    "name": "receiver",
    "defaultValue": "",
    "description": "The name of the receiver configured within alertmanager",
    "helpText": "The name of the receiver configured within alertmanager",
    "isSystem": false,
    "minLength": 0,
    "maxLength": 200,
    "validationRegex": "",
    "isValidate": false
  },
  {
    "baseType": 3,
    "name": "service",
    "defaultValue": "",
    "description": "The name of the service that is creating the event",
    "helpText": "The name of the service that is creating the event",
    "isSystem": false,
    "minLength": 0,
    "maxLength": 200,
    "validationRegex": "",
    "isValidate": false
  },
  {
    "baseType": 3,
    "name": "short_description",
    "defaultValue": "",
    "description": "A short description of the set of alerts",
    "helpText": "A short description of the set of alerts",
    "isSystem": false,
    "minLength": 0,
    "maxLength": 1000,
    "validationRegex": "",
    "isValidate": false
  },
  {
    "baseType": 3,
    "name": "source_link",
    "defaultValue": "",
    "description": "Link to the prometheus instance that created the alerts",
    "helpText": "Link to the prometheus instance that created the alerts",
    "isSystem": false,
    "minLength": 0,
    "maxLength": 300,
    "validationRegex": "",
    "isValidate": false
  },
  {
    "baseType": 3,
    "name": "status",
    "defaultValue": "FIRING",
    "description": "FIRING or RESOLVED",
    "helpText": "FIRING or RESOLVED",
    "isSystem": false,
    "minLength": 0,
    "maxLength": 30,
    "validationRegex": "",
    "isValidate": false
  }
]